panel,r1,ang1,r2,ang2,r3,ang3,r4,ang4,r5,ang5
101,0.536,0.393,0.536,0.131,1.198,0.466,1.197,0.059,0.914,0.339
102,0.536,0.917,0.536,0.655,1.198,0.989,1.197,0.583,0.914,0.863
103,0.536,1.44,0.536,1.178,1.198,1.513,1.197,1.106,0.914,1.386
104,0.536,1.964,0.536,1.702,1.198,2.037,1.197,1.63,0.914,1.91
105,0.536,2.488,0.536,2.225,1.198,2.56,1.197,2.153,0.914,2.433
106,0.536,3.011,0.536,2.749,1.198,3.084,1.197,2.677,0.914,2.957
107,0.536,3.535,0.536,3.273,1.198,3.607,1.197,3.201,0.914,3.481
108,0.536,4.058,0.536,3.796,1.198,4.131,1.197,3.724,0.914,4.004
109,0.536,4.582,0.536,4.32,1.198,4.655,1.197,4.248,0.914,4.528
110,0.536,5.106,0.536,4.843,1.198,5.178,1.197,4.771,0.914,5.051
111,0.536,5.629,0.536,5.367,1.198,5.702,1.197,5.295,0.914,5.575
112,0.536,6.153,0.536,5.891,1.198,6.225,1.197,5.819,0.914,6.099
201,1.336,0.471,1.336,0.053,1.753,0.485,1.752,0.041,1.521,0.308
202,1.336,0.995,1.336,0.576,1.753,1.008,1.752,0.564,1.521,0.832
203,1.336,1.519,1.336,1.1,1.753,1.532,1.752,1.088,1.521,1.356
204,1.336,2.042,1.336,1.623,1.753,2.055,1.752,1.612,1.521,1.879
205,1.336,2.566,1.336,2.147,1.753,2.579,1.752,2.135,1.521,2.403
206,1.336,3.089,1.336,2.671,1.753,3.102,1.752,2.659,1.521,2.926
207,1.336,3.613,1.336,3.194,1.753,3.626,1.752,3.182,1.521,3.45
208,1.336,4.137,1.336,3.718,1.753,4.15,1.752,3.706,1.521,3.974
209,1.336,4.66,1.336,4.241,1.753,4.673,1.752,4.23,1.521,4.497
210,1.336,5.184,1.336,4.765,1.753,5.197,1.752,4.753,1.521,5.021
211,1.336,5.707,1.336,5.289,1.753,5.72,1.752,5.277,1.521,5.544
212,1.336,6.231,1.336,5.812,1.753,6.244,1.752,5.8,1.521,6.068
301,1.889,0.225,1.889,0.037,2.538,0.235,2.538,0.029,2.223,0.132
302,1.889,0.487,1.889,0.299,2.538,0.497,2.538,0.29,2.223,0.393
303,1.889,0.749,1.889,0.561,2.538,0.759,2.538,0.552,2.223,0.655
304,1.889,1.01,1.889,0.823,2.538,1.021,2.538,0.814,2.223,0.917
305,1.889,1.272,1.889,1.084,2.538,1.282,2.538,1.076,2.223,1.179
306,1.889,1.534,1.889,1.346,2.538,1.544,2.538,1.338,2.223,1.441
307,1.889,1.796,1.889,1.608,2.538,1.806,2.538,1.599,2.223,1.702
308,1.889,2.058,1.889,1.87,2.538,2.068,2.538,1.861,2.223,1.964
309,1.889,2.319,1.889,2.132,2.538,2.33,2.538,2.123,2.223,2.226
310,1.889,2.581,1.889,2.393,2.538,2.591,2.538,2.385,2.223,2.488
311,1.889,2.843,1.889,2.655,2.538,2.853,2.538,2.647,2.223,2.75
312,1.889,3.105,1.889,2.917,2.538,3.115,2.538,2.908,2.223,3.011
313,1.889,3.367,1.889,3.179,2.538,3.377,2.538,3.17,2.223,3.273
314,1.889,3.628,1.889,3.441,2.538,3.639,2.538,3.432,2.223,3.535
315,1.889,3.89,1.889,3.702,2.538,3.9,2.538,3.694,2.223,3.797
316,1.889,4.152,1.889,3.964,2.538,4.162,2.538,3.956,2.223,4.059
317,1.889,4.414,1.889,4.226,2.538,4.424,2.538,4.217,2.223,4.32
318,1.889,4.676,1.889,4.488,2.538,4.686,2.538,4.479,2.223,4.582
319,1.889,4.937,1.889,4.75,2.538,4.948,2.538,4.741,2.223,4.844
320,1.889,5.199,1.889,5.011,2.538,5.209,2.538,5.003,2.223,5.106
321,1.889,5.461,1.889,5.273,2.538,5.471,2.538,5.265,2.223,5.368
322,1.889,5.723,1.889,5.535,2.538,5.733,2.538,5.526,2.223,5.629
323,1.889,5.985,1.889,5.797,2.538,5.995,2.538,5.788,2.223,5.891
324,1.889,6.246,1.889,6.059,2.538,6.257,2.538,6.05,2.223,6.153
401,2.672,0.236,2.672,0.026,3.154,0.241,3.154,0.023,2.847,0.131
402,2.672,0.498,2.672,0.288,3.154,0.502,3.154,0.285,2.847,0.393
403,2.672,0.759,2.672,0.55,3.154,0.764,3.154,0.547,2.847,0.655
404,2.672,1.021,2.672,0.812,3.154,1.026,3.154,0.809,2.847,0.917
405,2.672,1.283,2.672,1.074,3.154,1.288,3.154,1.07,2.847,1.179
406,2.672,1.545,2.672,1.335,3.154,1.55,3.154,1.332,2.847,1.44
407,2.672,1.807,2.672,1.597,3.154,1.811,3.154,1.594,2.847,1.702
408,2.672,2.068,2.672,1.859,3.154,2.073,3.154,1.856,2.847,1.964
409,2.672,2.33,2.672,2.121,3.154,2.335,3.154,2.118,2.847,2.226
410,2.672,2.592,2.672,2.382,3.154,2.597,3.154,2.379,2.847,2.488
411,2.672,2.854,2.672,2.644,3.154,2.859,3.154,2.641,2.847,2.749
412,2.672,3.116,2.672,2.906,3.154,3.12,3.154,2.903,2.847,3.011
413,2.672,3.377,2.672,3.168,3.154,3.382,3.154,3.165,2.847,3.273
414,2.672,3.639,2.672,3.43,3.154,3.644,3.154,3.427,2.847,3.535
415,2.672,3.901,2.672,3.691,3.154,3.906,3.154,3.688,2.847,3.797
416,2.672,4.163,2.672,3.953,3.154,4.168,3.154,3.95,2.847,4.058
417,2.672,4.425,2.672,4.215,3.154,4.429,3.154,4.212,2.847,4.32
418,2.672,4.686,2.672,4.477,3.154,4.691,3.154,4.474,2.847,4.582
419,2.672,4.948,2.672,4.739,3.154,4.953,3.154,4.736,2.847,4.844
420,2.672,5.21,2.672,5,3.154,5.215,3.154,4.997,2.847,5.106
421,2.672,5.472,2.672,5.262,3.154,5.477,3.154,5.259,2.847,5.367
422,2.672,5.734,2.672,5.524,3.154,5.738,3.154,5.521,2.847,5.629
423,2.672,5.995,2.672,5.786,3.154,6,3.154,5.783,2.847,5.891
424,2.672,6.257,2.672,6.048,3.154,6.262,3.154,6.045,2.847,6.153
501,3.286,0.11,3.286,0.021,3.975,0.114,3.975,0.018,3.642,0.066
502,3.286,0.241,3.286,0.152,3.975,0.245,3.975,0.149,3.642,0.197
503,3.286,0.372,3.286,0.283,3.975,0.376,3.975,0.28,3.642,0.328
504,3.286,0.502,3.286,0.414,3.975,0.507,3.975,0.411,3.642,0.459
505,3.286,0.633,3.286,0.545,3.975,0.638,3.975,0.542,3.642,0.59
506,3.286,0.764,3.286,0.676,3.975,0.769,3.975,0.673,3.642,0.72
507,3.286,0.895,3.286,0.807,3.975,0.9,3.975,0.804,3.642,0.851
508,3.286,1.026,3.286,0.938,3.975,1.03,3.975,0.935,3.642,0.982
509,3.286,1.157,3.286,1.069,3.975,1.161,3.975,1.066,3.642,1.113
510,3.286,1.288,3.286,1.199,3.975,1.292,3.975,1.197,3.642,1.244
511,3.286,1.419,3.286,1.33,3.975,1.423,3.975,1.327,3.642,1.375
512,3.286,1.55,3.286,1.461,3.975,1.554,3.975,1.458,3.642,1.506
513,3.286,1.681,3.286,1.592,3.975,1.685,3.975,1.589,3.642,1.637
514,3.286,1.811,3.286,1.723,3.975,1.816,3.975,1.72,3.642,1.768
515,3.286,1.942,3.286,1.854,3.975,1.947,3.975,1.851,3.642,1.899
516,3.286,2.073,3.286,1.985,3.975,2.078,3.975,1.982,3.642,2.029
517,3.286,2.204,3.286,2.116,3.975,2.209,3.975,2.113,3.642,2.16
518,3.286,2.335,3.286,2.247,3.975,2.339,3.975,2.244,3.642,2.291
519,3.286,2.466,3.286,2.378,3.975,2.47,3.975,2.375,3.642,2.422
520,3.286,2.597,3.286,2.508,3.975,2.601,3.975,2.506,3.642,2.553
521,3.286,2.728,3.286,2.639,3.975,2.732,3.975,2.636,3.642,2.684
522,3.286,2.859,3.286,2.77,3.975,2.863,3.975,2.767,3.642,2.815
523,3.286,2.99,3.286,2.901,3.975,2.994,3.975,2.898,3.642,2.946
524,3.286,3.12,3.286,3.032,3.975,3.125,3.975,3.029,3.642,3.077
525,3.286,3.251,3.286,3.163,3.975,3.256,3.975,3.16,3.642,3.208
526,3.286,3.382,3.286,3.294,3.975,3.387,3.975,3.291,3.642,3.338
527,3.286,3.513,3.286,3.425,3.975,3.518,3.975,3.422,3.642,3.469
528,3.286,3.644,3.286,3.556,3.975,3.648,3.975,3.553,3.642,3.6
529,3.286,3.775,3.286,3.687,3.975,3.779,3.975,3.684,3.642,3.731
530,3.286,3.906,3.286,3.817,3.975,3.91,3.975,3.815,3.642,3.862
531,3.286,4.037,3.286,3.948,3.975,4.041,3.975,3.945,3.642,3.993
532,3.286,4.168,3.286,4.079,3.975,4.172,3.975,4.076,3.642,4.124
533,3.286,4.299,3.286,4.21,3.975,4.303,3.975,4.207,3.642,4.255
534,3.286,4.429,3.286,4.341,3.975,4.434,3.975,4.338,3.642,4.386
535,3.286,4.56,3.286,4.472,3.975,4.565,3.975,4.469,3.642,4.517
536,3.286,4.691,3.286,4.603,3.975,4.696,3.975,4.6,3.642,4.647
537,3.286,4.822,3.286,4.734,3.975,4.827,3.975,4.731,3.642,4.778
538,3.286,4.953,3.286,4.865,3.975,4.957,3.975,4.862,3.642,4.909
539,3.286,5.084,3.286,4.996,3.975,5.088,3.975,4.993,3.642,5.04
540,3.286,5.215,3.286,5.126,3.975,5.219,3.975,5.124,3.642,5.171
541,3.286,5.346,3.286,5.257,3.975,5.35,3.975,5.254,3.642,5.302
542,3.286,5.477,3.286,5.388,3.975,5.481,3.975,5.385,3.642,5.433
543,3.286,5.608,3.286,5.519,3.975,5.612,3.975,5.516,3.642,5.564
544,3.286,5.738,3.286,5.65,3.975,5.743,3.975,5.647,3.642,5.695
545,3.286,5.869,3.286,5.781,3.975,5.874,3.975,5.778,3.642,5.826
546,3.286,6,3.286,5.912,3.975,6.005,3.975,5.909,3.642,5.956
547,3.286,6.131,3.286,6.043,3.975,6.136,3.975,6.04,3.642,6.087
548,3.286,6.262,3.286,6.174,3.975,6.266,3.975,6.171,3.642,6.218
601,4.104,0.114,4.104,0.017,4.717,0.117,4.717,0.016,4.414,0.066
602,4.104,0.245,4.104,0.148,4.717,0.248,4.717,0.147,4.414,0.197
603,4.104,0.376,4.104,0.279,4.717,0.379,4.717,0.278,4.414,0.328
604,4.104,0.507,4.104,0.41,4.717,0.51,4.717,0.408,4.414,0.459
605,4.104,0.638,4.104,0.541,4.717,0.641,4.717,0.539,4.414,0.59
606,4.104,0.768,4.104,0.672,4.717,0.772,4.717,0.67,4.414,0.721
607,4.104,0.899,4.104,0.803,4.717,0.902,4.717,0.801,4.414,0.851
608,4.104,1.03,4.104,0.933,4.717,1.033,4.717,0.932,4.414,0.982
609,4.104,1.161,4.104,1.064,4.717,1.164,4.717,1.063,4.414,1.113
610,4.104,1.292,4.104,1.195,4.717,1.295,4.717,1.194,4.414,1.244
611,4.104,1.423,4.104,1.326,4.717,1.426,4.717,1.325,4.414,1.375
612,4.104,1.554,4.104,1.457,4.717,1.557,4.717,1.456,4.414,1.506
613,4.104,1.685,4.104,1.588,4.717,1.688,4.717,1.587,4.414,1.637
614,4.104,1.816,4.104,1.719,4.717,1.819,4.717,1.717,4.414,1.768
615,4.104,1.947,4.104,1.85,4.717,1.95,4.717,1.848,4.414,1.899
616,4.104,2.077,4.104,1.981,4.717,2.081,4.717,1.979,4.414,2.03
617,4.104,2.208,4.104,2.112,4.717,2.211,4.717,2.11,4.414,2.16
618,4.104,2.339,4.104,2.242,4.717,2.342,4.717,2.241,4.414,2.291
619,4.104,2.47,4.104,2.373,4.717,2.473,4.717,2.372,4.414,2.422
620,4.104,2.601,4.104,2.504,4.717,2.604,4.717,2.503,4.414,2.553
621,4.104,2.732,4.104,2.635,4.717,2.735,4.717,2.634,4.414,2.684
622,4.104,2.863,4.104,2.766,4.717,2.866,4.717,2.765,4.414,2.815
623,4.104,2.994,4.104,2.897,4.717,2.997,4.717,2.896,4.414,2.946
624,4.104,3.125,4.104,3.028,4.717,3.128,4.717,3.026,4.414,3.077
625,4.104,3.256,4.104,3.159,4.717,3.259,4.717,3.157,4.414,3.208
626,4.104,3.386,4.104,3.29,4.717,3.39,4.717,3.288,4.414,3.339
627,4.104,3.517,4.104,3.421,4.717,3.52,4.717,3.419,4.414,3.469
628,4.104,3.648,4.104,3.551,4.717,3.651,4.717,3.55,4.414,3.6
629,4.104,3.779,4.104,3.682,4.717,3.782,4.717,3.681,4.414,3.731
630,4.104,3.91,4.104,3.813,4.717,3.913,4.717,3.812,4.414,3.862
631,4.104,4.041,4.104,3.944,4.717,4.044,4.717,3.943,4.414,3.993
632,4.104,4.172,4.104,4.075,4.717,4.175,4.717,4.074,4.414,4.124
633,4.104,4.303,4.104,4.206,4.717,4.306,4.717,4.205,4.414,4.255
634,4.104,4.434,4.104,4.337,4.717,4.437,4.717,4.335,4.414,4.386
635,4.104,4.565,4.104,4.468,4.717,4.568,4.717,4.466,4.414,4.517
636,4.104,4.695,4.104,4.599,4.717,4.699,4.717,4.597,4.414,4.648
637,4.104,4.826,4.104,4.73,4.717,4.829,4.717,4.728,4.414,4.778
638,4.104,4.957,4.104,4.86,4.717,4.96,4.717,4.859,4.414,4.909
639,4.104,5.088,4.104,4.991,4.717,5.091,4.717,4.99,4.414,5.04
640,4.104,5.219,4.104,5.122,4.717,5.222,4.717,5.121,4.414,5.171
641,4.104,5.35,4.104,5.253,4.717,5.353,4.717,5.252,4.414,5.302
642,4.104,5.481,4.104,5.384,4.717,5.484,4.717,5.383,4.414,5.433
643,4.104,5.612,4.104,5.515,4.717,5.615,4.717,5.514,4.414,5.564
644,4.104,5.743,4.104,5.646,4.717,5.746,4.717,5.644,4.414,5.695
645,4.104,5.874,4.104,5.777,4.717,5.877,4.717,5.775,4.414,5.826
646,4.104,6.004,4.104,5.908,4.717,6.008,4.717,5.906,4.414,5.957
647,4.104,6.135,4.104,6.039,4.717,6.138,4.717,6.037,4.414,6.087
648,4.104,6.266,4.104,6.169,4.717,6.269,4.717,6.168,4.414,6.218
701,4.841,0.117,4.841,0.015,5.374,0.119,5.373,0.014,5.106,0.066
702,4.841,0.247,4.841,0.145,5.374,0.25,5.373,0.145,5.106,0.197
703,4.841,0.378,4.841,0.276,5.374,0.381,5.373,0.276,5.106,0.328
704,4.841,0.509,4.841,0.407,5.374,0.512,5.373,0.407,5.106,0.459
705,4.841,0.64,4.841,0.538,5.374,0.642,5.373,0.538,5.106,0.59
706,4.841,0.771,4.841,0.669,5.374,0.773,5.373,0.668,5.106,0.721
707,4.841,0.902,4.841,0.8,5.374,0.904,5.373,0.799,5.106,0.851
708,4.841,1.033,4.841,0.931,5.374,1.035,5.373,0.93,5.106,0.982
709,4.841,1.164,4.841,1.062,5.374,1.166,5.373,1.061,5.106,1.113
710,4.841,1.295,4.841,1.193,5.374,1.297,5.373,1.192,5.106,1.244
711,4.841,1.426,4.841,1.324,5.374,1.428,5.373,1.323,5.106,1.375
712,4.841,1.556,4.841,1.454,5.374,1.559,5.373,1.454,5.106,1.506
713,4.841,1.687,4.841,1.585,5.374,1.69,5.373,1.585,5.106,1.637
714,4.841,1.818,4.841,1.716,5.374,1.821,5.373,1.716,5.106,1.768
715,4.841,1.949,4.841,1.847,5.374,1.951,5.373,1.847,5.106,1.899
716,4.841,2.08,4.841,1.978,5.374,2.082,5.373,1.977,5.106,2.03
717,4.841,2.211,4.841,2.109,5.374,2.213,5.373,2.108,5.106,2.16
718,4.841,2.342,4.841,2.24,5.374,2.344,5.373,2.239,5.106,2.291
719,4.841,2.473,4.841,2.371,5.374,2.475,5.373,2.37,5.106,2.422
720,4.841,2.604,4.841,2.502,5.374,2.606,5.373,2.501,5.106,2.553
721,4.841,2.735,4.841,2.633,5.374,2.737,5.373,2.632,5.106,2.684
722,4.841,2.865,4.841,2.763,5.374,2.868,5.373,2.763,5.106,2.815
723,4.841,2.996,4.841,2.894,5.374,2.999,5.373,2.894,5.106,2.946
724,4.841,3.127,4.841,3.025,5.374,3.13,5.373,3.025,5.106,3.077
725,4.841,3.258,4.841,3.156,5.374,3.26,5.373,3.156,5.106,3.208
726,4.841,3.389,4.841,3.287,5.374,3.391,5.373,3.286,5.106,3.339
727,4.841,3.52,4.841,3.418,5.374,3.522,5.373,3.417,5.106,3.469
728,4.841,3.651,4.841,3.549,5.374,3.653,5.373,3.548,5.106,3.6
729,4.841,3.782,4.841,3.68,5.374,3.784,5.373,3.679,5.106,3.731
730,4.841,3.913,4.841,3.811,5.374,3.915,5.373,3.81,5.106,3.862
731,4.841,4.044,4.841,3.942,5.374,4.046,5.373,3.941,5.106,3.993
732,4.841,4.174,4.841,4.072,5.374,4.177,5.373,4.072,5.106,4.124
733,4.841,4.305,4.841,4.203,5.374,4.308,5.373,4.203,5.106,4.255
734,4.841,4.436,4.841,4.334,5.374,4.439,5.373,4.334,5.106,4.386
735,4.841,4.567,4.841,4.465,5.374,4.569,5.373,4.465,5.106,4.517
736,4.841,4.698,4.841,4.596,5.374,4.7,5.373,4.595,5.106,4.648
737,4.841,4.829,4.841,4.727,5.374,4.831,5.373,4.726,5.106,4.778
738,4.841,4.96,4.841,4.858,5.374,4.962,5.373,4.857,5.106,4.909
739,4.841,5.091,4.841,4.989,5.374,5.093,5.373,4.988,5.106,5.04
740,4.841,5.222,4.841,5.12,5.374,5.224,5.373,5.119,5.106,5.171
741,4.841,5.353,4.841,5.251,5.374,5.355,5.373,5.25,5.106,5.302
742,4.841,5.483,4.841,5.381,5.374,5.486,5.373,5.381,5.106,5.433
743,4.841,5.614,4.841,5.512,5.374,5.617,5.373,5.512,5.106,5.564
744,4.841,5.745,4.841,5.643,5.374,5.748,5.373,5.643,5.106,5.695
745,4.841,5.876,4.841,5.774,5.374,5.878,5.373,5.774,5.106,5.826
746,4.841,6.007,4.841,5.905,5.374,6.009,5.373,5.904,5.106,5.957
747,4.841,6.138,4.841,6.036,5.374,6.14,5.373,6.035,5.106,6.087
748,4.841,6.269,4.841,6.167,5.374,6.271,5.373,6.166,5.106,6.218
801,5.495,0.118,5.495,0.013,5.94,0.12,5.94,0.013,5.713,0.066
802,5.495,0.249,5.495,0.144,5.94,0.251,5.94,0.144,5.713,0.197
803,5.495,0.38,5.495,0.275,5.94,0.382,5.94,0.274,5.713,0.328
804,5.495,0.511,5.495,0.406,5.94,0.513,5.94,0.405,5.713,0.459
805,5.495,0.642,5.495,0.536,5.94,0.644,5.94,0.536,5.713,0.59
806,5.495,0.773,5.495,0.667,5.94,0.775,5.94,0.667,5.713,0.72
807,5.495,0.904,5.495,0.798,5.94,0.905,5.94,0.798,5.713,0.851
808,5.495,1.035,5.495,0.929,5.94,1.036,5.94,0.929,5.713,0.982
809,5.495,1.166,5.495,1.06,5.94,1.167,5.94,1.06,5.713,1.113
810,5.495,1.296,5.495,1.191,5.94,1.298,5.94,1.191,5.713,1.244
811,5.495,1.427,5.495,1.322,5.94,1.429,5.94,1.322,5.713,1.375
812,5.495,1.558,5.495,1.453,5.94,1.56,5.94,1.453,5.713,1.506
813,5.495,1.689,5.495,1.584,5.94,1.691,5.94,1.583,5.713,1.637
814,5.495,1.82,5.495,1.715,5.94,1.822,5.94,1.714,5.713,1.768
815,5.495,1.951,5.495,1.845,5.94,1.953,5.94,1.845,5.713,1.899
816,5.495,2.082,5.495,1.976,5.94,2.084,5.94,1.976,5.713,2.029
817,5.495,2.213,5.495,2.107,5.94,2.214,5.94,2.107,5.713,2.16
818,5.495,2.344,5.495,2.238,5.94,2.345,5.94,2.238,5.713,2.291
819,5.495,2.474,5.495,2.369,5.94,2.476,5.94,2.369,5.713,2.422
820,5.495,2.605,5.495,2.5,5.94,2.607,5.94,2.5,5.713,2.553
821,5.495,2.736,5.495,2.631,5.94,2.738,5.94,2.631,5.713,2.684
822,5.495,2.867,5.495,2.762,5.94,2.869,5.94,2.762,5.713,2.815
823,5.495,2.998,5.495,2.893,5.94,3,5.94,2.892,5.713,2.946
824,5.495,3.129,5.495,3.024,5.94,3.131,5.94,3.023,5.713,3.077
825,5.495,3.26,5.495,3.154,5.94,3.262,5.94,3.154,5.713,3.208
826,5.495,3.391,5.495,3.285,5.94,3.393,5.94,3.285,5.713,3.338
827,5.495,3.522,5.495,3.416,5.94,3.523,5.94,3.416,5.713,3.469
828,5.495,3.653,5.495,3.547,5.94,3.654,5.94,3.547,5.713,3.6
829,5.495,3.783,5.495,3.678,5.94,3.785,5.94,3.678,5.713,3.731
830,5.495,3.914,5.495,3.809,5.94,3.916,5.94,3.809,5.713,3.862
831,5.495,4.045,5.495,3.94,5.94,4.047,5.94,3.94,5.713,3.993
832,5.495,4.176,5.495,4.071,5.94,4.178,5.94,4.071,5.713,4.124
833,5.495,4.307,5.495,4.202,5.94,4.309,5.94,4.201,5.713,4.255
834,5.495,4.438,5.495,4.333,5.94,4.44,5.94,4.332,5.713,4.386
835,5.495,4.569,5.495,4.463,5.94,4.571,5.94,4.463,5.713,4.517
836,5.495,4.7,5.495,4.594,5.94,4.702,5.94,4.594,5.713,4.647
837,5.495,4.831,5.495,4.725,5.94,4.832,5.94,4.725,5.713,4.778
838,5.495,4.962,5.495,4.856,5.94,4.963,5.94,4.856,5.713,4.909
839,5.495,5.092,5.495,4.987,5.94,5.094,5.94,4.987,5.713,5.04
840,5.495,5.223,5.495,5.118,5.94,5.225,5.94,5.118,5.713,5.171
841,5.495,5.354,5.495,5.249,5.94,5.356,5.94,5.249,5.713,5.302
842,5.495,5.485,5.495,5.38,5.94,5.487,5.94,5.38,5.713,5.433
843,5.495,5.616,5.495,5.511,5.94,5.618,5.94,5.51,5.713,5.564
844,5.495,5.747,5.495,5.642,5.94,5.749,5.94,5.641,5.713,5.695
845,5.495,5.878,5.495,5.772,5.94,5.88,5.94,5.772,5.713,5.826
846,5.495,6.009,5.495,5.903,5.94,6.011,5.94,5.903,5.713,5.956
847,5.495,6.14,5.495,6.034,5.94,6.141,5.94,6.034,5.713,6.087
848,5.495,6.271,5.495,6.165,5.94,6.272,5.94,6.165,5.713,6.218
